AI System ID,AI System Name,Business Function,Intended Purpose,AI Capability,AI System Owner,Provider,Provider / Deployer Role,Internal / Third Party,Affected Individuals,Data Categories,Geographic Scope,Human Oversight,Decision / Recommendation / Content,Autonomous Actions,Initial Risk Level,EU AI Act Classification,Regulatory Rationale,Governance Status
AI-001,Credit Scoring System,Credit,Generate a credit-risk score using predictive modelling to support human decision-making in lending assessments,Predictive modelling to generate a credit-risk score used as decision support,Head of Credit Risk,TBD,TBD,TBD,Individual consumers and small-business applicants,Financial and credit-related information; specific input fields TBD,EU; India — deployment/testing scope to be confirmed,Human decision-maker reviews AI-generated score before final lending decision; review criteria/override TBD,Decision support ,"No autonomous lending decision is intended in the documented use case. The system generates a credit-risk score for human review. Confirm whether any automated rejection, eligibility gating, or other customer-impacting action is enabled.",HIGH,"High-risk — Annex III, Section 5(b)","The system assesses the creditworthiness of natural persons and generates a credit-risk score for lending assessments. This intended purpose falls within Annex III, Section 5(b) of the EU AI Act, subject to confirmation of the precise system scope. The system is classified as high-risk. Small-business applicants should be distinguished from natural persons where the applicant is a legal entity. Human involvement in the final lending decision does not, by itself, remove the high-risk classification.",NOT APPROVED- REMEDIATION REQUIRED
AI-002,Customer Support AI,Customer Support ,"Analyse customer support queries, retrieve relevant information from approved LendWise knowledge sources and customer-account information, generate draft responses, and recommend possible support actions for review by a human support agent.","Generative AI / Natural Language Processing (NLP) used to understand customer queries, retrieve relevant information, generate response content and recommend support actions.",Head of Customer Support,LendWise Financial Services Ltd.,LendWise is the provider and deployer; the system is internally developed/configured and operated by LendWise.,Internal ,"LendWise customers, prospective customers, and authorised representatives of small-business customers.",Customer query/content; customer-account information; transaction-related information; potentially financial/payment information; LendWise internal knowledge-base content. Specific fields accessible to the AI — TBD.,EU + India,"Human support agent reviews the AI-generated response before it is sent to the customer and may edit, reject or replace the response. AI cannot independently communicate with the customer or execute customer-impacting actions.",Generates customer-facing draft responses and recommends possible next steps or support actions to the human support agent. It does not make final customer decisions.,"None. The AI cannot independently send customer responses, approve loans, change account balances, close accounts, or make lending decisions.",MEDIUM,NOT HIGH-RISK under Annex III based on current intended purpose,"The documented purpose is internal customer-support assistance: retrieving approved information and drafting responses for human review. On the current facts, this purpose does not itself establish an Annex III high-risk use case. Assess AI Act transparency obligations against the actual customer interaction design; do not assume Article 50(1) applies merely because an internal AI assistant drafts human-reviewed responses. Reassess if the system begins communicating directly with customers or performing other functions.",IN TESTING — GOVERNANCE ASSESSMENT IN PROGRESS
AI-003,Fraud Detection AI,Fraud Detection / Financial Crime,"Analyse customer transactions and behavioural signals to identify potentially fraudulent activity, generate fraud-risk indicators, and flag suspicious transactions for investigation.",Predictive modelling / anomaly detection to identify suspicious transaction patterns and generate fraud-risk scores or alerts.,Head of Fraud / Financial Crime,LendWise Financial Services Ltd.,LendWise is the provider and deployer; the system is operated within LendWise's fraud-monitoring environment.,Internal,LendWise customers and individuals associated with transactions/accounts monitored by the system.,Transaction information; transaction amount and frequency; account activity; authentication events; device/IP information; previous confirmed fraud information; other behavioural/technical fraud indicators. Exact fields and retention periods TBD.,EU+India,"Human-in-the-loop required for customer-impacting blocking decisions. Fraud investigators review flagged transactions, assess the AI output, accept/reject the proposed action, and document the decision. Human reviewers must have authority to override the AI.",Generates fraud-risk indicators and flags potentially suspicious transactions for investigation. It may recommend blocking or further investigation but should not independently make irreversible customer-impacting decisions without the approved human-control process.,"The scenario includes threshold-based automated blocking. Production use of customer-impacting blocking is not approved pending documented thresholds, validated performance, defined human review and override procedures, and governance approval. Record whether blocking is disabled during testing or remains enabled within a restricted scope.",CRITICAL,NOT HIGH-RISK under Annex III based on the current intended purpose,"The current intended purpose is detecting financial fraud. Annex III Section 5(b) covers AI systems intended to evaluate the creditworthiness of natural persons or establish their credit score, but expressly excludes AI systems used for detecting financial fraud. Therefore, based on the current documented intended purpose, AI-003 is not classified as high-risk under Annex III 5(b). A fresh classification assessment is required if the system's purpose expands into individual fraud-propensity profiling or decisions affecting access to financial services.",NOT APPROVED — REMEDIATION REQUIRED
AI-004,KYC Document AI,Customer Onboarding / KYC,"Process customer identity documents, extract and validate identity information, detect potentially altered or fraudulent documents, compare customer-provided information with the identity document, and perform one-to-one facial biometric verification to support KYC onboarding.","OCR/document understanding, document authenticity and tampering detection, data extraction/validation, facial biometric comparison and identity verification.",Head of KYC / Financial Crime Compliance,LendWise Financial Services Ltd.,LendWise is the provider and deployer; the system is developed/configured and operated by LendWise.,Internal,LendWise customers and prospective customers undergoing KYC/onboarding.,Identity-document information; name; date of birth; address; document number; document expiry information; document images; customer-provided selfie; facial biometric data generated through technical processing; KYC verification results. Exact fields and retention periods TBD.,EU + India,"AI can generate a KYC result and route cases to manual review. LendWise should maintain human review/escalation controls for exceptions, suspected fraud, uncertain matches and material false-positive/false-negative scenarios. Human reviewers should have documented authority to override or reject an AI-generated result.","Extracts and validates identity information, assesses document integrity, performs identity verification and generates a KYC outcome such as KYC Pass, KYC Fail or Manual Review Required.",May automatically determine the initial KYC outcome and allow onboarding to continue based on the system result; material customer-impacting outcomes remain subject to defined governance controls and remediation.,HIGH,"NOT HIGH-RISK under Annex III 1(a), based on the current documented biometric use case","The facial biometric component performs one-to-one verification using the customer's biometric data and previously provided identity-document photograph, with the purpose of confirming that the customer is the person they claim to be. Annex III 1(a) expressly excludes biometric verification whose sole purpose is that confirmation from the remote-biometric-identification category. The current scenario therefore does not fall under Annex III 1(a) based on the documented purpose.",NOT APPROVED — REMEDIATION REQUIRED
AI-005,CV Screening AI,Recruitment / Talent Acquisition,"Analyse and evaluate job applications against defined role requirements, generate candidate-fit scores, rank applicants, recommend candidates for interview, and support recruitment decisions.","Natural-language processing, document/CV parsing, information extraction, candidate matching, predictive scoring and applicant ranking.",Head of Talent Acquisition / HR,Third-party AI vendor — vendor identity TBD,Third-party vendor is the provider; LendWise is the deployer and responsible for use of the system in its recruitment process.,Third Party,Job applicants and prospective employees.,CV/application information; education; qualifications; skills; employment history; professional experience; potentially location and other candidate attributes contained in applications. Exact features used by the vendor are TBD.,EU,"Recruiters can review shortlisted candidates and override AI recommendations. However, the current system can automatically reject candidates below the configured score threshold. Human oversight of automatically rejected candidates is therefore currently insufficient and requires remediation.","Generates candidate-fit scores, ranks applicants, recommends candidates for interview and can generate an automated rejection outcome.",Automatically rejects candidates below a defined score threshold without recruiter review.,HIGH,"HIGH-RISK — Annex III, Section 4(a), AI systems intended for recruitment or selection of natural persons. The system analyses and ranks applicants and automatically rejects some candidates. Assess applicable provider/deployer obligations and the system's specific intended purpose and deployment context.",The system is intended for recruitment and selection of natural persons and performs functions including analysing/filtering applications and evaluating candidates. These functions are expressly covered by Annex III Section 4(a) of the AI Act.,NOT APPROVED — REMEDIATION REQUIRED
AI-006A,Customer Emotion/Vulnerability AI,Customer Support / Customer Vulnerability Support,Analyse customer voice recordings to infer emotional indicators and generate a vulnerability score to support case prioritisation and recommend additional support or escalation.,"Speech/audio processing, emotion recognition, classification, vulnerability scoring, and support-routing recommendations.",Head of Customer Support — accountable owner to be confirmed,TBD — confirm whether developed internally or supplied by a third party,LendWise is the deployer; provider role to be confirmed,TBD — confirm system development and supply arrangement,"Customers using LendWise voice-based customer support, including customers who may need additional assistance","Voice recordings; vocal tone, pitch, volume and speech patterns; conversation content if processed; support-interaction metadata; inferred emotion categories; vulnerability score. Exact fields and retention period TBD.",EU,"Currently, no human review occurs before the score is used for prioritisation. Remediation required: define human review, escalation criteria, override authority and review of consequential or uncertain cases.","Generates inferred emotion categories and a vulnerability score from 0–100 to support case prioritisation, additional-support recommendations and specialist escalation.","The score is used for prioritisation without prior human review; possible automatic escalation is described, but exact routing rules and actions remain TBD.",HIGH,"HIGH-RISK — Annex III, Section 1(c), emotion-recognition system, subject to technical confirmation of the biometric-data basis","The system is intended to infer customer emotions from voice characteristics. If its technical processing meets the AI Act definition of biometric-data-based emotion recognition, Annex III, Section 1(c) applies. Article 5(1)(f)'s workplace and education prohibition does not apply to the described customer-support context on the facts provided. Assess GDPR lawful basis, necessity, proportionality, transparency and the meaning of the inferred vulnerability score separately.",NOT APPROVED — REMEDIATION REQUIRED
AI-006B,Employee Emotion Analysis AI,Customer Operations / Employee Performance Management,"Analyse employee voice recordings during customer-support calls to infer emotional states, generate individual emotional-state scores, identify employees for coaching, support workload allocation and potentially influence performance reviews.","Speech/audio processing, emotion recognition, emotional-state classification and scoring, employee analytics and reporting.",Head of Customer Operations — accountable owner to be confirmed,Third-party AI vendor; vendor identity TBD,"Third-party provider; LendWise acts as deployer, subject to confirmation of the contractual and technical arrangement",Third-party system,LendWise customer-support employees working in EU operations,"Employee voice recordings; vocal tone, pitch, volume and speech patterns; inferred emotional states; individual emotional-state scores; employee performance-related information. Exact data fields, retention and training-data provenance TBD.",EU,"Managers can view individual scores, but independent human validation before score use is absent. Decision rules and safeguards are undefined. The current design does not establish adequate oversight or resolve the prohibition concern.","Employee Emotional State Score from 0–100; inferred emotional-state categories; dashboards and indicators for coaching, workload allocation and potential performance-review use.",No autonomous action is explicitly established. Scores inform managerial decisions; exact decision rules and degree of influence TBD.,HIGH — potentially CRITICAL depending on employment consequences,"PROHIBITED PRACTICE — Article 5(1)(f), subject to confirmation that the system qualifies as biometric-data-based emotion recognition and that no applicable exception is established","The proposed system infers employee emotional states from voice characteristics in a workplace and may influence coaching, workload allocation and performance reviews. Article 5(1)(f) prohibits workplace emotion recognition, subject to the medical-or-safety exception. No qualifying exception has been established for the current proposal. The absence of validation, unclear scoring rules and potential bias further increase governance risk but do not themselves constitute the legal basis for the prohibition.",REJECTED — PROHIBITED USE ON CURRENT FACTS
AI-007,Marketing Recommendation AI,Marketing / Customer Personalisation,"Analyse customer behaviour and predict interest in financial products to personalise marketing recommendations and targeted campaigns. Confirm whether the system also influences product access, eligibility or pricing.","Predictive analytics, customer segmentation, purchase-intent scoring, personalised product recommendations and campaign targeting.",Head of Marketing (accountable owner to confirm),LendWise internal team / third-party provider — TBD,LendWise deployer; provider role and any third-party provider responsibilities to confirm.,TBD — deployment and model-provider arrangements not confirmed.,Consumers and small-business customers in the EU and India; confirm whether any other individuals are affected.,"Transaction histories, account activity, product usage, website clicks, previous campaign responses, customer/product interaction data and inferred purchase-intent scores. Exact fields, sources and retention periods TBD.",EU and India,"Marketing campaign approval and review arrangements need to be defined, including accountable approvers, escalation criteria and authority to stop campaigns.","Personalised recommendations for financial products, including personal loans, small-business loans, savings products and other financial services; marketing segments and campaign targeting.","May assign segments, generate recommendations and trigger targeted campaigns. Automation permissions, approval gates and ability to exclude customers require confirmation.","HIGH — provisional enterprise AI risk; validate against actual product impact, customer-harm scenarios, model performance and safeguards.","NOT AUTOMATICALLY HIGH-RISK — assess intended purpose and actual use against Annex III, point 5(b), particularly whether the system evaluates creditworthiness or establishes credit scores.","Marketing personalisation and purchase-intent prediction do not by themselves establish high-risk classification. Investigate whether inputs, outputs or downstream uses assess creditworthiness or influence access to financial products. GDPR profiling requirements may apply. Assess lawful basis, transparency, data minimisation, direct-marketing objections, potential Article 22 implications, fairness and customer harm.",NOT APPROVED FOR LIVE DEPLOYMENT — EVIDENCE AND CONTROLS REQUIRED. Controlled testing only after minimum governance and data-protection checks are established.
AI-008,Loan Document Summarisation AI,Loan Operations / Document Processing,"Summarise loan agreements and supporting documents, extract key contractual terms and answer employee questions about document contents. Customer-facing use and influence on lending decisions remain unconfirmed.","Natural language processing, document extraction, summarisation, question answering and potentially retrieval-augmented generation.",Head of Loan Operations (proposed; confirm),TBD — internal or third-party provider not confirmed,LendWise deployer; provider responsibilities to be confirmed.,TBD,Consumers and small-business customers whose loan documents are processed; employees using the summaries.,"Contractual terms, names, addresses, account details, loan amounts, interest rates, fees, repayment schedules, penalties and other financial or personal data contained in documents. Exact fields and retention periods TBD.",EU and India,"Proposed mandatory verification of material contractual terms against source documents before customer-facing or consequential use. Competence, authority, escalation and verification procedures to be defined.","Proposed mandatory verification of material contractual terms against source documents before customer-facing or consequential use. Competence, authority, escalation and verification procedures to be defined.","No autonomous external action established. Document upload, summary distribution and downstream workflow permissions require confirmation.",HIGH — provisional enterprise AI risk due to potential misrepresentation or omission of financially material contractual terms.,NOT AUTOMATICALLY HIGH-RISK — assess actual intended purpose and use against Article 6 and Annex III. Summarisation alone does not establish high-risk classification.,"Potential customer and operational harm from inaccurate or incomplete summaries. Assess GDPR lawful basis, data minimisation, transparency, security, retention, provider reuse, processor arrangements, international transfers where applicable and DPIA requirements. Validate accuracy, completeness, source traceability and human oversight.","NOT APPROVED FOR LIVE DEPLOYMENT — EVIDENCE AND CONTROLS REQUIRED. Consider a restricted, controlled pilot after baseline privacy, security and validation requirements are met."
AI-009,Collections Prioritisation AI,Loan Servicing / Debt Collections,"Prioritise overdue loan accounts and recommend collection actions, including reminders, specialist review and repayment arrangements. The precise prediction target and downstream decision rules require confirmation.","Predictive analytics, account prioritisation, scoring, customer segmentation and collection-action recommendations.",Head of Collections (proposed; confirm),TBD — internal or third-party provider not confirmed,LendWise deployer; provider responsibilities to be confirmed.,TBD,Consumers and small-business customers with overdue loan accounts; confirm whether any other individuals are affected.,"Repayment history, overdue amounts, account activity, transaction patterns and potentially income, hardship disclosures, disputes and repayment arrangements. Exact features, data sources and retention periods TBD.",EU and India,"Proposed human review for consequential escalation, hardship cases, disputes and exceptions. Define reviewer authority, override, rationale recording and escalation procedures.","Priority score and recommended actions such as payment reminders, specialist referral and repayment arrangements; potential influence on contact intensity and escalation.","Automation not confirmed. Establish whether the system can trigger contacts, change contact frequency or initiate escalation without human approval.","HIGH — provisional enterprise AI risk due to potential customer harm from incorrect prioritisation, excessive collection activity and failure to recognise payments or hardship.","NOT AUTOMATICALLY HIGH-RISK — assess actual intended purpose and use against Annex III, point 5(b), and any other applicable provisions.","Collections prioritisation does not automatically constitute creditworthiness assessment. Investigate the target variable, features, outputs and downstream effects. GDPR profiling may apply; assess lawful basis, transparency, data accuracy, Article 22 implications where relevant, and potential special-category data. Assess vulnerability exploitation under Article 5(1)(b) only if the specific legal elements may be met.","NOT APPROVED FOR LIVE DEPLOYMENT — EVIDENCE AND CONTROLS REQUIRED. Controlled shadow testing may proceed after minimum safeguards, privacy and validation requirements are established."
AI-010,Autonomous Operations Agent,Loan Servicing / Operations Automation,"Automate routine loan-servicing operations by retrieving customer records, processing servicing tickets, drafting and sending routine communications, updating selected account fields and ticket statuses, and initiating predefined workflows. Exact autonomy and approval boundaries TBD.","Agentic AI, natural-language understanding, retrieval, planning, tool/API use, workflow orchestration and execution of predefined actions.",Head of Loan Operations (proposed; confirm),TBD — model and agent provider not confirmed,LendWise deployer; provider responsibilities and any third-party model roles to be confirmed.,TBD — internal orchestration and external model dependencies to be confirmed.,"Consumers and small-business customers whose records, servicing requests or communications are processed; LendWise employees using or supervising the agent.","Customer account records, loan-servicing tickets, contact details, financial and contractual information, internal knowledge-base content, prompts, tool-call records and generated communications. Exact fields, access scope and retention periods TBD.",EU and India,"Proposed restricted shadow testing followed by staged deployment. Define action-specific approval gates, accountable reviewers, override authority, escalation, emergency stop and recovery procedures.","Retrieval of account information, draft or sent customer communications, account-field and ticket-status updates, and predefined servicing workflow actions.","Potentially sends routine communications, updates selected records and initiates predefined workflows. Exact permissions, irreversible actions, financial authority and human approval requirements TBD.","HIGH — provisional enterprise risk; escalate to CRITICAL if broad consequential permissions, large-scale failure potential and inadequate containment are confirmed.",NOT AUTOMATICALLY HIGH-RISK — assess intended purpose and actual use against Article 6 and Annex III. Autonomy alone does not establish high-risk classification.,"Agent permissions, tool use, prompt injection, data exfiltration, incorrect account changes and cascading failures create operational, security and privacy risks. Assess GDPR lawful processing, data minimisation, access controls, security, retention, provider arrangements and Article 22 implications where consequential decisions are solely automated.","NOT APPROVED FOR UNRESTRICTED LIVE DEPLOYMENT — SECURITY, PRIVACY AND ASSURANCE EVIDENCE REQUIRED. Controlled shadow testing only after minimum prerequisites are met."
